bioguide_id,recipient_ext_id,chamber,state_name,first_name,last_name,party,in_office,website,contact_form,
B001259,N00027464,house,Iowa,Bruce,Braley,D,True,brucebraley,http://braley.house.gov,https://forms.house.gov/braley/webforms/issue_subscribe.html,
W000814,N00033539,house,Texas,Randy,Weber,R,True,TXRandy14,http://weber.house.gov,None,
C001038,N00001127,house,New York,Joseph,Crowley,D,True,repjoecrowley,http://crowley.house.gov,https://forms.house.gov/crowley/contact.shtml,
W000800,N00000515,house,Vermont,Peter,Welch,D,True,PeterWelch,http://www.welch.house.gov,http://www.house.gov/formwelch/issue_subscribe.htm,
R000591,N00030768,house,Alabama,Martha,Roby,R,True,RepMarthaRoby,http://roby.house.gov,None,
F000043,N00001746,house,Pennsylvania,Chaka,Fattah,D,True,chakafattah,http://www.house.gov/fattah,http://fattah.house.gov/?sectionid=8&sectiontree=8,
D000533,N00003209,house,Tennessee,John,Duncan,R,True,None,http://www.house.gov/duncan,http://www.house.gov/duncan/contactform_zipcheck.shtml,
N000147,N00001692,house,District of Columbia,Eleanor,Norton,D,True,EleanorNorton,http://www.house.gov/norton,http://www.norton.house.gov/forms/contact.html,
S001162,N00001579,house,Pennsylvania,Allyson,Schwartz,D,True,None,http://www.house.gov/schwartz,http://schwartz.house.gov/issue_subscribe.shtml,
M001179,N00031777,house,Pennsylvania,Tom,Marino,R,True,RepTomMarino,http://marino.house.gov,None,
G000377,N00008799,house,Texas,Kay,Granger,R,True,RepKayGranger,http://kaygranger.house.gov,http://kaygranger.house.gov/?sectionid=46&sectiontree=46,
F000445,N00013799,house,Virginia,J.,Forbes,R,True,Randy_Forbes,http://forbes.house.gov/,http://forbes.house.gov/zipauth.html,
H001058,N00030673,house,Michigan,Bill,Huizenga,R,True,rephuizenga,http://huizenga.house.gov,None,
L000580,N00029400,house,New Mexico,Michelle,Lujan Grisham,D,True,replujangrisham,http://lujangrisham.house.gov,None,
P000594,N00029391,house,Minnesota,Erik,Paulsen,R,True,RepErikPaulsen,http://paulsen.house.gov,https://forms.house.gov/paulsen/contact-form.shtml,
S001180,N00030071,house,Oregon,Kurt,Schrader,D,True,repschrader,http://schrader.house.gov,https://forms.house.gov/schrader/contact-form.shtml,
S001154,N00013770,house,Pennsylvania,Bill,Shuster,R,True,RepBillShuster,http://www.house.gov/shuster,http://www.house.gov/shuster/zipauth.htm,
M001153,N00026050,senate,Alaska,Lisa,Murkowski,R,True,lisamurkowski,http://www.murkowski.senate.gov,http://www.murkowski.senate.gov/public/index.cfm?p=Contact,
P000588,N00012672,house,New Mexico,Stevan,Pearce,R,True,RepStevePearce,http://pearce.house.gov,None,
D000598,N00009604,house,California,Susan,Davis,D,True,RepSusanDavis,http://www.house.gov/susandavis,http://www.house.gov/susandavis/contact.shtml,
T000467,N00029736,house,Pennsylvania,Glenn,Thompson,R,True,CongressmanGT,http://thompson.house.gov,https://forms.house.gov/thompson/contact-form.shtml,
M001177,N00006863,house,California,Tom,McClintock,R,True,RepMcClintock,http://mcclintock.house.gov,https://forms.house.gov/mcclintock/contact-form.shtml,
C001092,N00001285,house,New York,Chris,Collins,R,True,RepChrisCollins,http://chriscollins.house.gov,None,
Q000023,N00030581,house,Illinois,Mike,Quigley,D,True,RepMikeQuigley,http://quigley.house.gov,https://forms.house.gov/quigley/contact-form.shtml,
E000291,N00031513,house,North Carolina,Renee,Ellmers,R,True,RepReneeEllmers,http://ellmers.house.gov,None,
S000344,N00006897,house,California,Brad,Sherman,D,True,BradSherman,http://bradsherman.house.gov,http://www.house.gov/sherman/contact/,
C001100,,senate,New Jersey,Jeffrey,Chiesa,R,True,ChiesaNews,http://www.chiesa.senate.gov,mailto:Senator_Chiesa@Chiesa.Senate.gov,
O000168,N00029285,house,Texas,Pete,Olson,R,True,OlsonPressShop,http://olson.house.gov,https://forms.house.gov/olson/contact-form.shtml,
D000607,N00026586,senate,Indiana,Joe,Donnelly,D,True,SenDonnelly,http://www.donnelly.senate.gov,http://www.donnelly.senate.gov/contact/email-joe,
C001083,N00030736,house,Delaware,John,Carney,D,True,johncarneyde,http://johncarney.house.gov,https://forms.house.gov/carney/webforms/email-me.shtml,
S001189,N00032457,house,Georgia,Austin,Scott,R,True,AustinScottGA08,http://austinscott.house.gov,None,
D000622,N00027860,house,Illinois,Tammy,Duckworth,D,True,repduckworth,http://duckworth.house.gov,None,
H001032,N00000860,house,New Jersey,Rush,Holt,D,True,None,http://holt.house.gov,https://forms.house.gov/holt/webforms/issue_subscribe.htm,
G000556,N00028418,house,Florida,Alan,Grayson,D,True,None,http://grayson.house.gov,None,
M000404,N00009829,house,Washington,Jim,McDermott,D,True,RepJimMcDermott,http://www.house.gov/mcdermott,http://www.house.gov/mcdermott/contact.shtml,
M001160,N00026914,house,Wisconsin,Gwen,Moore,D,True,RepGwenMoore,http://www.house.gov/gwenmoore,http://www.house.gov/gwenmoore/contact.shtml,
P000596,N00029168,house,Puerto Rico,Pedro,Pierluisi,D,True,pedropierluisi,http://pierluisi.house.gov,https://forms.house.gov/pierluisi/contact-form.shtml,
Y000064,N00030670,house,Indiana,Todd,Young,R,True,RepToddYoung,http://toddyoung.house.gov,None,
L000560,N00009759,house,Washington,Rick,Larsen,D,True,RepRickLarsen,http://www.house.gov/larsen,http://www.house.gov/larsen/contact/,
B001270,N00031877,house,California,Karen,Bass,D,True,RepKarenBass,http://bass.house.gov,None,
F000460,N00031672,house,Texas,Blake,Farenthold,R,True,farenthold,http://farenthold.house.gov,None,
C001051,N00025095,house,Texas,John,Carter,R,True,JudgeCarter,http://carter.house.gov,https://forms.house.gov/wyr/welcome.shtml,
E000292,N00034884,house,Illinois,William,Enyart,D,True,repbillenyart,http://enyart.house.gov,None,
K000360,N00012539,senate,Illinois,Mark,Kirk,R,True,senatorkirk,http://www.kirk.senate.gov,http://www.kirk.senate.gov/?p=contact,
B001236,N00013873,senate,Arkansas,John,Boozman,R,True,JohnBoozman,http://www.boozman.senate.gov,http://www.boozman.senate.gov/public/index.cfm/e-mail-me,
G000567,N00031297,house,Arkansas,Tim,Griffin,R,True,RepTimGriffin,http://griffin.house.gov,None,
S001157,N00024871,house,Georgia,David,Scott,D,True,repdavidscott,http://davidscott.house.gov,http://www.house.gov/writerep,
S001176,N00009660,house,Louisiana,Steve,Scalise,R,True,SteveScalise,http://scalise.house.gov,http://www.scalise.house.gov/contactform_zipcheck.shtml,
W000812,N00033106,house,Missouri,Ann,Wagner,R,True,RepAnnWagner,http://wagner.house.gov,None,
J000288,N00027848,house,Georgia,Henry,Johnson,D,True,RepHankJohnson,http://hankjohnson.house.gov,http://hankjohnson.house.gov/contact_hank_write.shtml,
R000587,N00030968,house,Wisconsin,Reid,Ribble,R,True,RepRibble,http://ribble.house.gov,None,
P000099,N00006397,house,Arizona,Ed,Pastor,D,True,,http://www.house.gov/pastor,http://www.house.gov/writerep,
F000455,N00030490,house,Ohio,Marcia,Fudge,D,True,RepMarciaFudge,http://fudge.house.gov,https://forms.house.gov/fudge/contact-form.shtml,
S001156,N00024870,house,California,Linda,Snchez,D,True,replindasanchez,http://lindasanchez.house.gov,http://www.house.gov/writerep,
R000583,N00029018,house,Florida,Thomas,Rooney,R,True,TomRooney,http://rooney.house.gov,https://forms.house.gov/rooney/contact-form.shtml,
V000127,N00009659,senate,Louisiana,David,Vitter,R,True,None,http://www.vitter.senate.gov,http://www.vitter.senate.gov/contact,
B000575,N00005195,senate,Missouri,Roy,Blunt,R,True,RoyBlunt,http://www.blunt.senate.gov,http://www.blunt.senate.gov/public/index.cfm/contact-form?p=contact-roy,
R000487,N00008264,house,California,Edward,Royce,R,True,RepEdRoyce,http://royce.house.gov/,http://www.house.gov/writerep,
W000413,N00003467,house,Kentucky,Ed,Whitfield,R,True,repedwhitfield,http://www.house.gov/whitfield,http://whitfield.house.gov/contact/index.shtml,
U000038,N00008051,senate,Colorado,Mark,Udall,D,True,MarkUdall,http://www.markudall.senate.gov,http://www.markudall.senate.gov/?p=contact,
T000472,N00006701,house,California,Mark,Takano,D,True,RepMarkTakano,http://takano.house.gov,None,
H001069,N00033782,senate,North Dakota,Heidi,Heitkamp,D,True,SenatorHeitkamp,http://www.heitkamp.senate.gov,http://www.heitkamp.senate.gov/contact.cfm,
H001064,N00031557,house,Washington,Denny,Heck,D,True,RepDennyHeck,http://dennyheck.house.gov,None,
M001165,N00028152,house,California,Kevin,McCarthy,R,True,GOPWhip,http://kevinmccarthy.house.gov,http://kevinmccarthy.house.gov/showpage.asp?ID=69,
R000122,N00000362,senate,Rhode Island,John,Reed,D,True,SenJackReed,http://www.reed.senate.gov,http://www.reed.senate.gov/contact/,
C001064,N00027565,house,California,John,Campbell,R,True,RepJohnCampbell,http://www.campbell.house.gov,http://campbell.house.gov/Contact/ContactForm.htm,
R000361,N00001685,senate,West Virginia,John,Rockefeller,D,True,senrockefeller,http://www.rockefeller.senate.gov,http://www.rockefeller.senate.gov/public/index.cfm/email-jay,
T000469,N00030196,house,New York,Paul,Tonko,D,True,PaulTonko,http://tonko.house.gov,https://forms.house.gov/tonko/contact-form.shtml,
G000410,N00005870,house,Texas,Gene,Green,D,True,RepGeneGreen,http://green.house.gov,http://www.house.gov/green/contact,
N000186,N00031006,house,Mississippi,Alan,Nunnelee,R,True,repalannunnelee,http://nunnelee.house.gov,None,
O000170,N00033540,house,Texas,Beto,O'Rourke,D,True,betoorourketx16,http://orourke.house.gov,None,
C001095,N00033363,house,Arkansas,Tom,Cotton,R,True,RepTomCotton,http://cotton.house.gov,None,
M001137,N00001171,house,New York,Gregory,Meeks,D,True,GregoryMeeks,http://www.house.gov/meeks,http://www.house.gov/meeks/contactform_zipcheck.shtml,
H001046,N00029835,senate,New Mexico,Martin,Heinrich,D,True,martinheinrich,http://www.heinrich.senate.gov,http://www.heinrich.senate.gov/contact.cfm,
G000568,N00032029,house,Virginia,H.,Griffith,R,True,RepMGriffith,http://morgangriffith.house.gov,None,
M001182,N00031412,house,South Carolina,Mick,Mulvaney,R,True,repmickmulvaney,http://mulvaney.house.gov,None,
C001093,N00033518,house,Georgia,Doug,Collins,R,True,RepDougCollins,http://dougcollins.house.gov,None,
M001144,N00013846,house,Florida,Jeff,Miller,R,True,None,http://jeffmiller.house.gov/,http://jeffmiller.house.gov/index.cfm?FuseAction=Contact.Home,
B000911,N00002713,house,Florida,Corrine,Brown,D,True,RepCorrineBrown,http://corrinebrown.house.gov,http://www.house.gov/corrinebrown/IMA/issue.shtml,
R000307,N00005285,senate,Kansas,Pat,Roberts,R,True,senpatroberts,http://www.roberts.senate.gov,http://www.roberts.senate.gov/public/index.cfm?p=EmailPat,
F000454,N00029139,house,Illinois,Bill,Foster,D,True,RepBillFoster,http://foster.house.gov,None,
D000617,N00030693,house,Washington,Suzan,DelBene,D,True,RepDelBene,http://delbene.house.gov,None,
C001090,N00034128,house,Pennsylvania,Matthew,Cartwright,D,True,RepCartwright,http://cartwright.house.gov,None,
H001049,N00029617,senate,North Carolina,Kay,Hagan,D,True,SenatorHagan,http://www.hagan.senate.gov,http://www.hagan.senate.gov/?p=contact,
M000485,N00002356,house,North Carolina,Mike,McIntyre,D,True,repmikemcintyre,http://www.house.gov/mcintyre,http://www.house.gov/mcintyre/IMA/issue.htm,
B000287,N00009774,house,California,Xavier,Becerra,D,True,repbecerra,http://becerra.house.gov,http://becerra.house.gov/HoR/CA31/Hidden+Content/Email+Signup+Form.htm,
S000583,N00001811,house,Texas,Lamar,Smith,R,True,LamarSmithTX21,http://lamarsmith.house.gov,http://lamarsmith.house.gov/contact.aspx?section=Mail,
S001168,N00027751,house,Maryland,John,Sarbanes,D,True,RepJohnSarbanes,http://sarbanes.house.gov,http://sarbanes.house.gov/federal.asp,
B001248,N00025219,house,Texas,Michael,Burgess,R,True,michaelcburgess,http://burgess.house.gov,https://forms.house.gov/wyr/welcome.shtml,
K000378,N00030667,house,Illinois,Adam,Kinzinger,R,True,RepKinzinger,http://kinzinger.house.gov,None,
C001056,N00024852,senate,Texas,John,Cornyn,R,True,JohnCornyn,http://www.cornyn.senate.gov,http://www.cornyn.senate.gov/public/index.cfm?p=ContactForm,
H001047,N00029070,house,Connecticut,James,Himes,D,True,jahimes,http://himes.house.gov,https://forms.house.gov/himes/contact-form.shtml,
W000809,N00031857,house,Arkansas,Steve,Womack,R,True,Rep_SteveWomack,http://womack.house.gov,None,
C001084,N00032019,house,Rhode Island,David,Cicilline,D,True,repcicilline,http://cicilline.house.gov,None,
K000380,N00033395,house,Michigan,Daniel,Kildee,D,True,RepDanKildee,http://danielkildee.house.gov,None,
F000457,N00029016,senate,Minnesota,Alan,Franken,D,True,None,http://www.franken.senate.gov,http://www.franken.senate.gov/?p=contact,
R000586,N00031127,house,Ohio,James,Renacci,R,True,repjimrenacci,http://renacci.house.gov,None,
L000569,N00030026,house,Missouri,Blaine,Luetkemeyer,R,True,None,http://luetkemeyer.house.gov,https://forms.house.gov/luetkemeyer/contact-form.shtml,
D000355,N00001783,house,Michigan,John,Dingell,D,True,john_dingell,http://www.house.gov/dingell,https://forms.house.gov/wyr/welcome.shtml,
